[{"key":{"code":"009-0001","compCode":"0010010","deptId":1},"description":"Stock In Out","updatedDate":"Saturday, December 10, 2022 at 7:19:17 PM Myanmar Time","updatedBy":"1","createdDate":"Sunday, September 26, 2021 at 12:00:00 AM Myanmar Time","createdBy":"1","macId":9,"userCode":"01"},{"key":{"code":"009-0002","compCode":"0010010","deptId":1},"description":"FOC","updatedDate":"Saturday, December 10, 2022 at 7:19:17 PM Myanmar Time","createdDate":"Tuesday, December 14, 2021 at 12:00:00 AM Myanmar Time","createdBy":"1","macId":9,"userCode":"02"},{"key":{"code":"011-0001","compCode":"0010010","deptId":1},"description":"Adj","updatedDate":"Saturday, December 10, 2022 at 7:19:17 PM Myanmar Time","updatedBy":"062022-002","createdDate":"Monday, December 20, 2021 at 12:00:00 AM Myanmar Time","createdBy":"1","macId":11,"userCode":"03"},{"key":{"code":"011-0002","compCode":"0010010","deptId":1},"description":"Process 2","updatedDate":"Saturday, December 10, 2022 at 7:19:17 PM Myanmar Time","updatedBy":"1","createdDate":"Monday, December 20, 2021 at 12:00:00 AM Myanmar Time","createdBy":"1","macId":11,"userCode":"p2"},{"key":{"code":"011-0003","compCode":"0010010","deptId":1},"description":"Tissue 10 rolls","updatedDate":"Saturday, December 10, 2022 at 7:19:17 PM Myanmar Time","updatedBy":"1","createdDate":"Monday, December 20, 2021 at 12:00:00 AM Myanmar Time","createdBy":"1","macId":11,"userCode":"p10"}]